{
  "inputMeans": [
    15.48148250579834,
    41.227901458740234,
    60.060001373291016,
    26.058212280273438
  ],
  "inputStdDevs": [
    14.26673698425293,
    10.791996955871582,
    27.760906219482422,
    1.4814666509628296
  ],
  "labelMean": 23.455184936523438,
  "labelStdDev": 11.89836311340332
}